id,name,region_type,kingdom_id,description_text,notes,products,area_km2,created_at
79,Andrast,province,10,"Southern Gondor comprises the fertile river valleys, coastal plains, highland vales and mountain flanks between the White Mountains (Ered Nimrais) and the Bay of Belfalas, encompassing the provinces of Lebennin, Belfalas/Dor-en-Ernil, Lamedon, Anfalas and the Pinnath Gelin—the heartland of Númenórean civilization in Middle-earth.","Southern Gondor's natural environment has been extensively reshaped by Númenórean colonization; the biomes encoded here reflect the Third Age T.A. 1640 state, not a pristine natural landscape; the most 'wild' zones are the Cape of Andrast, Ethir Anduin delta, upper mountain vales and Tolfalas. Harondor (the arid plateau south of the Poros) is treated as a separate region.[file:73]",,147218.619028706,Tue May 26 2026 16:23:30 GMT-0300 (Argentina Standard Time)
13,Anfalas,province,10,"Southern Gondor comprises the fertile river valleys, coastal plains, highland vales and mountain flanks between the White Mountains (Ered Nimrais) and the Bay of Belfalas, encompassing the provinces of Lebennin, Belfalas/Dor-en-Ernil, Lamedon, Anfalas and the Pinnath Gelin—the heartland of Númenórean civilization in Middle-earth.","Southern Gondor's natural environment has been extensively reshaped by Númenórean colonization; the biomes encoded here reflect the Third Age T.A. 1640 state, not a pristine natural landscape; the most 'wild' zones are the Cape of Andrast, Ethir Anduin delta, upper mountain vales and Tolfalas. Harondor (the arid plateau south of the Poros) is treated as a separate region.[file:73]",,175672.197710709,Tue May 26 2026 16:23:30 GMT-0300 (Argentina Standard Time)
46,Angmar,province,21,"Angmar is a cold, militarized realm north of Arnor, ruled by the Witch-king of the Nazgûl; it exists primarily as a war machine, built on harsh land, hardened frontier peasants, and armies of men, orcs, and monsters. Geology consists of deeply eroded limestone that robs the surface soil of water, with igneous and metamorphic outcrops near the mountains. carn dûm is built on a massive block of dull red granite.","This object treats Angmar as a political and geographic region in the mid-Third Age at the height of the Witch-king’s power; subregions such as Carn Dûm or specific castles can be split into separate site objects for higher resolution. A rocky, barren, and bleak highland plateau with frozen soil, little water, and severe wood shortages. Populated by Orcs, Trolls, and dark-hearted Men who serve the Iron Crown of Carn Dûm.",,76141.9466704414,Tue May 26 2026 16:23:30 GMT-0300 (Argentina Standard Time)
7,Anorien,province,10,"Anórien is the northern fief of Gondor that occupies the strip of land between the northern slopes and valleys of the White Mountains and the west bank of the Anduin, opposite northern Ithilien. Established towards the end of the Second Age along with Ithilien and Lebennin as part of Gondor’s Anduin heartland, it later remains the only Gondorian fief north of the White Mountains when Calenardhon is ceded to the Éothéod to become Rohan. The region is defined by mountain-fed valleys, tall grasslands and scattered woods, pierced by the Great West Road and guarded by beacon-peaks and the Drúadan Forest.","For mapping, treat Anórien as a narrow Anduin-valley and mountain-foot fief: cooler and more sparsely settled than Lebennin, with tall grasslands and scattered farms in the central strip, beacon peaks and the Drúadan Forest along the White Mountains, and the Anduin margin linking it to northern Ithilien and Cair Andros.[file:216][web:234][web:238][web:243]",,49184.8707227935,Tue May 26 2026 16:23:30 GMT-0300 (Argentina Standard Time)
64,Apariach,province,24,"Lindon is the westernmost Elvish realm of Middle-earth, the remnant of Ossiriand that survived the War of Wrath. After the breaking and flooding of Beleriand, the Great Sea breached the Blue Mountains to form the Gulf of Lhûn, dividing Lindon into Forlindon (North Lindon) and Harlindon (South Lindon), with the River Lhûn as the eastern border against Arnor. Throughout the Second and early Third Age it is the principal Elven coastal realm and home of the Grey Havens (Mithlond). Geology consists of folded sedimentary rock (slate and sandstone) with rich iron lodes and abundant coal deposits in forlindon.","This Lindon work is an unlicensed, non-commercial fan-made Realm (version 3.2, 2023) rather than an original ICE product, but it is structured like a MERP Realm and synthesizes Tolkien canon with MERP-style material. For your Middle-earth-on-Europe map, Lindon should be treated as one macro-region with internal subregions (Forlindon, Harlindon, Rhûnlindon) sharing a maritime temperate climate, and Mithlond explicitly marked as a major harbor node. Climate numbers (temperature ranges and precipitation) from the Traveller’s Guide can be mapped directly onto your climate system for coastal vs mountain bands, while the Wandering Companies’ route description provides a canonical overland corridor from Imladris to the Grey Havens for your path and distance calculations.[file:99] Eerily beautiful remnants of Beleriand, characterized by rugged coastal hills, fertile valleys, and evergreen forests. A light rain, drizzle, or ethereal fog falls on most days of the year, allowing mosses, ferns, firs, and spruce to thrive.","Ships, fish, rope, textiles, herbs.",17026.1767517102,Tue May 26 2026 16:23:30 GMT-0300 (Argentina Standard Time)
28,Ardolyalinya,province,26,"Lindon is the westernmost Elvish realm of Middle-earth, the remnant of Ossiriand that survived the War of Wrath. After the breaking and flooding of Beleriand, the Great Sea breached the Blue Mountains to form the Gulf of Lhûn, dividing Lindon into Forlindon (North Lindon) and Harlindon (South Lindon), with the River Lhûn as the eastern border against Arnor. Throughout the Second and early Third Age it is the principal Elven coastal realm and home of the Grey Havens (Mithlond). Geology consists of folded sedimentary rock (slate and sandstone) with rich iron lodes and abundant coal deposits in forlindon.","This Lindon work is an unlicensed, non-commercial fan-made Realm (version 3.2, 2023) rather than an original ICE product, but it is structured like a MERP Realm and synthesizes Tolkien canon with MERP-style material. For your Middle-earth-on-Europe map, Lindon should be treated as one macro-region with internal subregions (Forlindon, Harlindon, Rhûnlindon) sharing a maritime temperate climate, and Mithlond explicitly marked as a major harbor node. Climate numbers (temperature ranges and precipitation) from the Traveller’s Guide can be mapped directly onto your climate system for coastal vs mountain bands, while the Wandering Companies’ route description provides a canonical overland corridor from Imladris to the Grey Havens for your path and distance calculations.[file:99] Eerily beautiful remnants of Beleriand, characterized by rugged coastal hills, fertile valleys, and evergreen forests. A light rain, drizzle, or ethereal fog falls on most days of the year, allowing mosses, ferns, firs, and spruce to thrive.","Ships, fish, rope, textiles, herbs.",16789.6372680138,Tue May 26 2026 16:23:30 GMT-0300 (Argentina Standard Time)
33,Ardquetto,province,26,"Lindon is the westernmost Elvish realm of Middle-earth, the remnant of Ossiriand that survived the War of Wrath. After the breaking and flooding of Beleriand, the Great Sea breached the Blue Mountains to form the Gulf of Lhûn, dividing Lindon into Forlindon (North Lindon) and Harlindon (South Lindon), with the River Lhûn as the eastern border against Arnor. Throughout the Second and early Third Age it is the principal Elven coastal realm and home of the Grey Havens (Mithlond). Geology consists of folded sedimentary rock (slate and sandstone) with rich iron lodes and abundant coal deposits in forlindon.","This Lindon work is an unlicensed, non-commercial fan-made Realm (version 3.2, 2023) rather than an original ICE product, but it is structured like a MERP Realm and synthesizes Tolkien canon with MERP-style material. For your Middle-earth-on-Europe map, Lindon should be treated as one macro-region with internal subregions (Forlindon, Harlindon, Rhûnlindon) sharing a maritime temperate climate, and Mithlond explicitly marked as a major harbor node. Climate numbers (temperature ranges and precipitation) from the Traveller’s Guide can be mapped directly onto your climate system for coastal vs mountain bands, while the Wandering Companies’ route description provides a canonical overland corridor from Imladris to the Grey Havens for your path and distance calculations.[file:99] Eerily beautiful remnants of Beleriand, characterized by rugged coastal hills, fertile valleys, and evergreen forests. A light rain, drizzle, or ethereal fog falls on most days of the year, allowing mosses, ferns, firs, and spruce to thrive.","Ships, fish, rope, textiles, herbs.",16803.3054575182,Tue May 26 2026 16:23:30 GMT-0300 (Argentina Standard Time)
49,Ascahiriand,province,24,"Lindon is the westernmost Elvish realm of Middle-earth, the remnant of Ossiriand that survived the War of Wrath. After the breaking and flooding of Beleriand, the Great Sea breached the Blue Mountains to form the Gulf of Lhûn, dividing Lindon into Forlindon (North Lindon) and Harlindon (South Lindon), with the River Lhûn as the eastern border against Arnor. Throughout the Second and early Third Age it is the principal Elven coastal realm and home of the Grey Havens (Mithlond). Geology consists of folded sedimentary rock (slate and sandstone) with rich iron lodes and abundant coal deposits in forlindon.","This Lindon work is an unlicensed, non-commercial fan-made Realm (version 3.2, 2023) rather than an original ICE product, but it is structured like a MERP Realm and synthesizes Tolkien canon with MERP-style material. For your Middle-earth-on-Europe map, Lindon should be treated as one macro-region with internal subregions (Forlindon, Harlindon, Rhûnlindon) sharing a maritime temperate climate, and Mithlond explicitly marked as a major harbor node. Climate numbers (temperature ranges and precipitation) from the Traveller’s Guide can be mapped directly onto your climate system for coastal vs mountain bands, while the Wandering Companies’ route description provides a canonical overland corridor from Imladris to the Grey Havens for your path and distance calculations.[file:99] Eerily beautiful remnants of Beleriand, characterized by rugged coastal hills, fertile valleys, and evergreen forests. A light rain, drizzle, or ethereal fog falls on most days of the year, allowing mosses, ferns, firs, and spruce to thrive.","Ships, fish, rope, textiles, herbs.",25518.2912507263,Tue May 26 2026 16:23:30 GMT-0300 (Argentina Standard Time)
29,Belegaer sea,province,29,"The Belegaer, or Great Sea, is the vast ocean separating Middle-earth (Endor) from the Undying Lands of Aman in the far West. In the coastal domains of Lindon, Arnor, and Gondor, it comprises key areas such as the Gulf of Lhûn (Nen Lhûn) and the Bay of Belfalas (Nen Belfalas). The deep gulf of Nen Lhûn, formed in the cataclysms of the First Age, serves as the calm and misty harbor for the Elven ships sailing from Mithlond, rich in salmon, lobsters, and shellfish. Further south, the vast Bay of Belfalas rests on Endor's continental shelf, driven by the warm, counterclockwise Southron Stream which collides with the cold Great Stream off the Cape of Andrast, creating turbulent, dangerous waters home to sharks, grey sperm whales, and giant squids.","A gateway to the Undying Lands, which can only be reached by Elven ships sailing along the Straight Road.","Fish, pearls, amber, salt.",2062052.97959002,Tue May 26 2026 16:23:30 GMT-0300 (Argentina Standard Time)
86,Bree,province,6,"Arthedain is the northern Dúnedain kingdom in Eriador, cradled between the Blue Mountains and the Misty Mountains and bounded by the rivers Lhûn and Baranduin, a cool, sparsely populated realm of rocky hills, downs, marshes, and the Shire, ruled from Fornost as the last Númenórean realm in the North in T.A. 1640.","This Arthedain object is meant to capture the realm as described around T.A. 1640 in Rangers of the North, with climate and landforms usable as a base layer for pathfinding, biome assignment and climate modeling; more focused regions like Angmar, Cardolan and Rhudaur are handled in their own supplements.[file:25]","Wool, grain, silver, copper, books.",4310.83075437024,Tue May 26 2026 16:23:30 GMT-0300 (Argentina Standard Time)
52,Celanoriand,province,24,"Lindon is the westernmost Elvish realm of Middle-earth, the remnant of Ossiriand that survived the War of Wrath. After the breaking and flooding of Beleriand, the Great Sea breached the Blue Mountains to form the Gulf of Lhûn, dividing Lindon into Forlindon (North Lindon) and Harlindon (South Lindon), with the River Lhûn as the eastern border against Arnor. Throughout the Second and early Third Age it is the principal Elven coastal realm and home of the Grey Havens (Mithlond). Geology consists of folded sedimentary rock (slate and sandstone) with rich iron lodes and abundant coal deposits in forlindon.","This Lindon work is an unlicensed, non-commercial fan-made Realm (version 3.2, 2023) rather than an original ICE product, but it is structured like a MERP Realm and synthesizes Tolkien canon with MERP-style material. For your Middle-earth-on-Europe map, Lindon should be treated as one macro-region with internal subregions (Forlindon, Harlindon, Rhûnlindon) sharing a maritime temperate climate, and Mithlond explicitly marked as a major harbor node. Climate numbers (temperature ranges and precipitation) from the Traveller’s Guide can be mapped directly onto your climate system for coastal vs mountain bands, while the Wandering Companies’ route description provides a canonical overland corridor from Imladris to the Grey Havens for your path and distance calculations.[file:99] Eerily beautiful remnants of Beleriand, characterized by rugged coastal hills, fertile valleys, and evergreen forests. A light rain, drizzle, or ethereal fog falls on most days of the year, allowing mosses, ferns, firs, and spruce to thrive.","Ships, fish, rope, textiles, herbs.",22032.3894844129,Tue May 26 2026 16:23:30 GMT-0300 (Argentina Standard Time)
35,Central Anduin,province,33,"The High Pass (Cirith Forn en Andrath, S. 'High-climbing Pass of the North') cuts through the central Misty Mountains connecting Rivendell and Eriador in the west to the upper Anduin Vales and Rhovanion in the east. It encompasses the Orcish stronghold of Goblin-gate, the eyrie of the Great Eagles, the Northman market-town of Maethelburg, the western foothills of Rhudaur, and the broad river plain of the Anduin. Geology consists of limestone and granite with massive igneous basalt intrusions. western foothills consist of red sandstone, while eastern valleys contain oily black shale; rich in copper, iron, silver, gold, and mithril.","This module is centered on T.A. 1640 (primary time period), with additional adventures set in T.A. 2940 (time of The Hobbit, when Gollum is already in the caves and Thorin's company passes through) and F.A. 1. The fauna and flora data reflect the T.A. 1640 baseline. Goblin-gate's internal geography is partially procedurally generated (Random Features Table in the module) and not fully fixed on maps—only key route passages are mapped. The region connects westward to Rivendell/Eriador and eastward to northern Mirkwood via Maethelburg and the Old Ford, making it a critical chokepoint on the Misty Mountains.[file:88] The longest and highest mountain chain in the west, serving as a formidable glacial barrier between Eriador and Rhovanion. Heavy snows and glaciers cover peaks above 11,500 feet year-round. It is riddled with Orc-holds, Dwarven caverns, and the under-deeps.","Grain, hides, cattle, honey, amber, tin.",64031.5082563563,Tue May 26 2026 16:23:30 GMT-0300 (Argentina Standard Time)
39,Central Misty Mountains,province,8,"The High Pass (Cirith Forn en Andrath, S. 'High-climbing Pass of the North') cuts through the central Misty Mountains connecting Rivendell and Eriador in the west to the upper Anduin Vales and Rhovanion in the east. It encompasses the Orcish stronghold of Goblin-gate, the eyrie of the Great Eagles, the Northman market-town of Maethelburg, the western foothills of Rhudaur, and the broad river plain of the Anduin. Geology consists of limestone and granite with massive igneous basalt intrusions. western foothills consist of red sandstone, while eastern valleys contain oily black shale; rich in copper, iron, silver, gold, and mithril.","This module is centered on T.A. 1640 (primary time period), with additional adventures set in T.A. 2940 (time of The Hobbit, when Gollum is already in the caves and Thorin's company passes through) and F.A. 1. The fauna and flora data reflect the T.A. 1640 baseline. Goblin-gate's internal geography is partially procedurally generated (Random Features Table in the module) and not fully fixed on maps—only key route passages are mapped. The region connects westward to Rivendell/Eriador and eastward to northern Mirkwood via Maethelburg and the Old Ford, making it a critical chokepoint on the Misty Mountains.[file:88] The longest and highest mountain chain in the west, serving as a formidable glacial barrier between Eriador and Rhovanion. Heavy snows and glaciers cover peaks above 11,500 feet year-round. It is riddled with Orc-holds, Dwarven caverns, and the under-deeps.","Grain, hides, cattle, honey, amber, tin.",36443.0350477349,Tue May 26 2026 16:23:30 GMT-0300 (Argentina Standard Time)
45,Coldfells,province,35,"The High Pass (Cirith Forn en Andrath, S. 'High-climbing Pass of the North') cuts through the central Misty Mountains connecting Rivendell and Eriador in the west to the upper Anduin Vales and Rhovanion in the east. It encompasses the Orcish stronghold of Goblin-gate, the eyrie of the Great Eagles, the Northman market-town of Maethelburg, the western foothills of Rhudaur, and the broad river plain of the Anduin. Geology consists of limestone and granite with massive igneous basalt intrusions. western foothills consist of red sandstone, while eastern valleys contain oily black shale; rich in copper, iron, silver, gold, and mithril.","This module is centered on T.A. 1640 (primary time period), with additional adventures set in T.A. 2940 (time of The Hobbit, when Gollum is already in the caves and Thorin's company passes through) and F.A. 1. The fauna and flora data reflect the T.A. 1640 baseline. Goblin-gate's internal geography is partially procedurally generated (Random Features Table in the module) and not fully fixed on maps—only key route passages are mapped. The region connects westward to Rivendell/Eriador and eastward to northern Mirkwood via Maethelburg and the Old Ford, making it a critical chokepoint on the Misty Mountains.[file:88] The longest and highest mountain chain in the west, serving as a formidable glacial barrier between Eriador and Rhovanion. Heavy snows and glaciers cover peaks above 11,500 feet year-round. It is riddled with Orc-holds, Dwarven caverns, and the under-deeps.","Grain, hides, cattle, honey, amber, tin.",26866.4339599982,Tue May 26 2026 16:23:30 GMT-0300 (Argentina Standard Time)
8,Dagorlad,province,14,"Dagorlad is the wide, flat battle-plain north and northeast of Udûn and the main pass into Mordor, once covered with wild grains and grasses and now a bare, declining expanse dotted with cairns and barrows where the Last Alliance fought Sauron at the end of the Second Age.","This object treats Dagorlad primarily as the battle-plain and Gondorian frontier immediately north of Mordor; the Dead Marshes, Nindalf and associated wetlands are modeled separately to preserve their distinct flora, fauna and hydrology while still acknowledging that the marshes now overlap and partially drown the eastern Dagorlad graves.[file:37]",,38184.9949442087,Tue May 26 2026 16:23:30 GMT-0300 (Argentina Standard Time)
25,Dale,province,16,"The Grey Mountains (Ered Mithrin) form a long, cold northern range between Mirkwood and the Forodwaith, with abrupt cliffs above the Wilderland, gentler northern slopes fading into tundra and the Talath Oiohelka, and the dragon-haunted basin of the Withered Heath between the eastern forks of the range.","This object treats the Grey Mountains, Narrows, Northern Waste fringe and Withered Heath as a single climatic and ecological unit centered on the Ered Mithrin and its dragon-haunted basin; specific Dwarven holds (Silverplunge, Thunderclift, Norr-dum, Silverpit), Beorning manors, Ice-orc Kala Dulakurth and named dragon lairs such as Steel Fall or Anvilmount can be modeled as separate site objects where finer resolution is needed.[file:38]","Market, finished goods, beer.",1086.907683623,Tue May 26 2026 16:23:30 GMT-0300 (Argentina Standard Time)
83,Dor Guldur,province,19,"Southern Mirkwood and Southern Rhovanion form a wild, embattled region stretching from the Old Forest Road down to the Dagorlad and the Emyn Muil, dominated by the dark forest around Dol Guldur, the horse-plains of Talath Harroch, and the Anduin vales and Brown Lands that lie between Mirkwood and Gondor. Geology consists of primarily sedimentary strata of limestone and shale, with significant granite projections such as the cinder cone of amon lanc and the mountains of mirkwood.","This object treats Southern Mirkwood and Southern Rhovanion as a single strategic and ecological unit in T.A. 1640: the haunted southern forest around Dol Guldur, the Talath Harroch horse-plains, the Anduin vales and Brown Lands, and the human and inhuman powers contesting them; individual sites such as Woodmen-town, Rhosgobel, Thorontir and Dol Guldur’s detailed layouts can be represented as separate site objects if needed. The largest forest in western Endor, dominated by oaks, maples, elms, and conifers. It has fallen under a stagnant, heavy shadow since the Necromancer established Dol Guldur, making southern reaches twisted, dark, and home to giant spiders.","Lumber, hides, nuts, carved wooden boxes.",35829.4293297634,Tue May 26 2026 16:23:30 GMT-0300 (Argentina Standard Time)
6,Dor Rhunen,province,10,"Dor Rhunen, the 'Land of the East,' comprises the semi-arid, vast southern plains and rolling grasslands surrounding the southern shores of the Sea of Rhûn. Extending southwest toward the desolate Battle Plain of Dagorlad and bordered to the south by the ash-choked fences of Mordor, this is a harsh, wind-swept buffer territory. It is heavily influenced by the cultures of Rohan and the Wold to the west, but dominated by exceptionally brutal nomadic Easterling tribes, such as the Variags, Nuriags, and Asdriags, who frequently raid the trade caravans.","Dor Rhunen serves as a dangerous, lawless transition zone connecting the western lands of Rhovanion with the eastern expanses of Khand.",,218263.526231828,Tue May 26 2026 16:23:30 GMT-0300 (Argentina Standard Time)
20,Dor-en-Emyl,province,10,"Dor‑en‑Ernil, the Land of the Prince, is a princely fief in south‑central Gondor encompassing Belfalas and neighboring lowlands and highlands; ruled from the coastal city of Dol Amroth, it is famed for its White‑ships, Elven‑tinged nobility, and constant tension with Umbar and the Eredrim highlanders.","This object treats Dor‑en‑Ernil as the broader Land of the Prince; sites like Dol Amroth, Linhir, Edhellond, and Castle Amrûnaur can be represented as separate site objects referencing this region.",,112796.22579822,Tue May 26 2026 16:23:30 GMT-0300 (Argentina Standard Time)
87,Dorwinion,province,12,"Dorwinion, or the 'Wineland,' is a wealthy and fertile country located along the northwest coast of the Sea of Rhûn and the lower reaches of the swift River Celduin and the rushing Uldona. Known throughout Middle-earth for producing the finest wines, its culture is dominated by the Dorwinrim, a hardy, adaptable, and highly diplomatic merchant people. Their capital, Shrel-Kain, is the largest port on the sea and serves as the mercantile and diplomatic hub of the entire region.","Dorwinion's wine trade reaches as far west as Thranduil's halls, using large river-rafts to navigate the Running River.",,8421.62364593575,Tue May 26 2026 16:23:30 GMT-0300 (Argentina Standard Time)
9,Druadan Forest,province,5,"The Drúadan Forest (S: 'Tawar-in-Drúedain') is an ancient, dense, and secretive oakwood situated in northeastern Gondor along the northern slopes of the White Mountains. Bordered by the beacon-hills of Eilenach and Nardol, this forest is the ancestral home of the Woses (Drúedain), a primeval, secretive race of master woodsmen who lead primitive, clan-based lives in hidden hollows and valleys completely apart from Gondorian civilization.","The Woses no longer work in stone, but they maintain and revere the Pûkel-men stone statues carved by their ancestors, using them to guard their bounds.",No exports.,6633.10133933676,Tue May 26 2026 16:23:30 GMT-0300 (Argentina Standard Time)
77,Druwaith Laur,province,10,"Drúwaith Iaur, or Old Púkel-land, is an extremely remote, isolated, and obscure territory in northwestern Gondor, bordering Andrast to the west and the Westmarch to the east. Once claimed and nominally administered by Gondor, the region fell into extreme desertion and depopulation following the Great Plague of T.A. 1636. By T.A. 1640, no Dúnedain remain, leaving the wild, rugged, and uncultivated terrain to be ruled at a clan level by scattered tribes of Dunmen (Dunir) and native Drúedain (Wild Men).","Drúwaith Iaur remains an unadministered 'domain of Wild Men' on Gondor's western border, viewed with anxiety by the settlers of the Westmarch.",,75749.873665641,Tue May 26 2026 16:23:30 GMT-0300 (Argentina Standard Time)
72,Dunland,province,11,"Dunland is the rugged foothill and plateau country south of the Glanduin, east of the Gwathló and north of the Isen, a land of highlands and plains ruled by fractious Dunlending clans who herd, raid and scheme along the vital Old South Road and the Isen Gap.","Keep this Dunland object strictly for the foothills, plateaus, plains and valleys north of the Old South Road and below the alpine zone; the Southern Misty Mountains object above covers the high peaks and explicitly mountain-only flora, fauna and powers.[file:32]","Wool, mercenaries.",66639.2492040395,Tue May 26 2026 16:23:30 GMT-0300 (Argentina Standard Time)
42,En Egladil,province,35,"Rhudaur is the eastern successor state of Arnor, a rugged, sparsely settled land between the Ettenmoors, the Trollshaws and the Angle. It stretches from the Ettenmoors and Ettendales in the north down through the Pinefells and Trollshaws to the rolling lowlands between the rivers Mitheithel and Bruinen, forming a harsh frontier of jagged hills, evergreen forests, boggy vales and predator-haunted woodlands.","This object isolates Rhudaur as a region within Arnor: The Land, focusing on geographic subzones (Ettenmoors, Ettendales, Pinefells/Coldfells, Trollshaws, Coed Drug, Angle) and mapping the general Flora & Fauna of Eriador onto these specific landscapes. The key Rhudaur-specific ecological elements are the Pinefells evergreens, the Coed Drug ancient 'Evilwood', the losrandir herds and the concentration of Hill and Forest Trolls. Climate and hydrology are dominated by snow-fed highlands (Ettenmoors/Ettendales) and the swift Mitheithel, with constant winds limiting agriculture to narrow riverine bands.[file:132]","Hides, copper, mercenaries.",13959.9437574512,Tue May 26 2026 16:23:30 GMT-0300 (Argentina Standard Time)
50,En Udanoriath,province,6,"En Udanoriath, meaning the 'No-Man's-Land' or the 'Dwelling-less Waste', is a bleak, barren, and wind-scarred frontier zone located between the southern border of Angmar and the northern boundaries of Arthedain (near the North Downs). This cold highland waste is a desolate, rocky steppe plagued by bitter northern winds and constant military skirmishes. It serves as a buffer and raiding corridor where the Witch-king's patrols clash with Arnor's remnants, overseen by spy-towers like Mindil Cargash.",A highly dangerous warfront where any travelers are viewed as spies and hunted down.,None,8938.41032783216,Tue May 26 2026 16:23:30 GMT-0300 (Argentina Standard Time)
21,Enedhwaith,province,30,"Dunland is the rugged foothill and plateau country south of the Glanduin, east of the Gwathló and north of the Isen, a land of highlands and plains ruled by fractious Dunlending clans who herd, raid and scheme along the vital Old South Road and the Isen Gap.","Keep this Dunland object strictly for the foothills, plateaus, plains and valleys north of the Old South Road and below the alpine zone; the Southern Misty Mountains object above covers the high peaks and explicitly mountain-only flora, fauna and powers.[file:32]","Wool, mercenaries.",116835.926928777,Tue May 26 2026 16:23:30 GMT-0300 (Argentina Standard Time)
1,Eothraim,province,18,"The territory of the Eothraim comprises the vast, fertile southern plains and rolling grasslands of southern Dor Rhunen, southwest of the Eorstan Hills and extending west toward Greenwood the Great. Watered by the Warwater and Surubeki rivers, this lush environment is home to the Eothraim—fierce, honest, and courageous horse-masters who live as semi-nomadic herders and hunters.","The Eothraim represent the cultural ancestors of the Rohirrim, sharing their deep connection to horses, wind, and honor.","Grain, horses, mercenaries.",143129.230363732,Tue May 26 2026 16:23:29 GMT-0300 (Argentina Standard Time)
27,Ered Luin,province,26,"Ered Luin, also known as the Blue Mountains, is an ancient mountain range separating Lindon from Eriador. Extending 590 miles from the Ice Bay of Forochel down to Orod Elu in the south, the range is formed of grey rock with a bluish tint caused by a high concentration of copper ores. The mountains are riddled with natural caverns, marble and limestone formations, and once held precious metals, though Dwarvish mining has left them depleted of gold except for minor remote veins. Geology consists of marble and limestone with folded sandstone and shale foothills. abundant copper, iron, and tin ores are actively mined by the dwarves (naugrim).","Ered Luin stands as a vital mining zone and barrier separating Lindon from Eriador, with secret, rune-guarded passes. The Blue Mountains are ancient and run north-to-south, heavily composed of marble and limestone with massive natural caverns. Snowfields and icecaps are present year-round on the northern range, while pine trees disappear over 5,000 feet. Mineral copper deposits give the peaks their bluish tint.","Finished goods, iron, tin, copper, lead.",10520.5540014131,Tue May 26 2026 16:23:30 GMT-0300 (Argentina Standard Time)
47,Ered Luin,province,24,"Ered Luin, also known as the Blue Mountains, is an ancient mountain range separating Lindon from Eriador. Extending 590 miles from the Ice Bay of Forochel down to Orod Elu in the south, the range is formed of grey rock with a bluish tint caused by a high concentration of copper ores. The mountains are riddled with natural caverns, marble and limestone formations, and once held precious metals, though Dwarvish mining has left them depleted of gold except for minor remote veins. Geology consists of marble and limestone with folded sandstone and shale foothills. abundant copper, iron, and tin ores are actively mined by the dwarves (naugrim).","Ered Luin stands as a vital mining zone and barrier separating Lindon from Eriador, with secret, rune-guarded passes. The Blue Mountains are ancient and run north-to-south, heavily composed of marble and limestone with massive natural caverns. Snowfields and icecaps are present year-round on the northern range, while pine trees disappear over 5,000 feet. Mineral copper deposits give the peaks their bluish tint.","Finished goods, iron, tin, copper, lead.",41725.7060154174,Tue May 26 2026 16:23:30 GMT-0300 (Argentina Standard Time)
34,Ered Luin Vales,province,26,"The Ered Luin Vales encompass the central valleys, river passes, and sub-alpine basins of the Blue Mountains. This region is centered around the Nan-i-Naugrim (Dwarven Vale) and the headwaters of the River Annuduin, where the Dwarves established a complex network of fourteen holds, including Merlost, built on the ruins of ancient Belegost.","The Dwarven Vale serves as a central hub of trade and industry in western Eriador, connecting Elven Lindon with the kingdoms of Men.","Finished goods, iron, tin, copper, lead.",14794.6834807353,Tue May 26 2026 16:23:30 GMT-0300 (Argentina Standard Time)
70,Eregion,province,34,"Eregion is a Noldorin-founded realm on the western side of the Misty Mountains, centered on the great city of Ost-in-Edhil and famed for its jewel-smiths, close friendship with Khazad-dûm, and the forging of the Rings of Power.","This object treats Eregion as the larger political and geographic region surrounding Ost-in-Edhil in the Second Age. Lórien, specific city sites, and Khazad-dûm are to be modeled as separate region or site objects.",,63158.2631647304,Tue May 26 2026 16:23:30 GMT-0300 (Argentina Standard Time)
10,Esgaroth,province,25,"Northern Mirkwood is the northern half of the great forest once known as Greenwood the Great, stretching between the Anduin, the Grey Mountains, the Withered Heath and the upper River Running, and including Thranduil’s woodland realm, the Long Lake, the Lonely Mountain and the Iron Hills.","This object treats Northern Mirkwood as the combined forest, mountain and river system north of the Men-i-Naugrim in T.A. 1640, including Thranduil’s woodland realm, the Grey Mountains, Long Lake, Erebor’s immediate environs and the Iron Hills; specific cities such as Lake-town and Dale can be modeled as separate site objects.","Silk, timber, jewelry, herbs, fruit.",5631.20874899572,Tue May 26 2026 16:23:30 GMT-0300 (Argentina Standard Time)
44,Ettenmoors,province,35,"Rhudaur is the eastern successor state of Arnor, a rugged, sparsely settled land between the Ettenmoors, the Trollshaws and the Angle. It stretches from the Ettenmoors and Ettendales in the north down through the Pinefells and Trollshaws to the rolling lowlands between the rivers Mitheithel and Bruinen, forming a harsh frontier of jagged hills, evergreen forests, boggy vales and predator-haunted woodlands.","This object isolates Rhudaur as a region within Arnor: The Land, focusing on geographic subzones (Ettenmoors, Ettendales, Pinefells/Coldfells, Trollshaws, Coed Drug, Angle) and mapping the general Flora & Fauna of Eriador onto these specific landscapes. The key Rhudaur-specific ecological elements are the Pinefells evergreens, the Coed Drug ancient 'Evilwood', the losrandir herds and the concentration of Hill and Forest Trolls. Climate and hydrology are dominated by snow-fed highlands (Ettenmoors/Ettendales) and the swift Mitheithel, with constant winds limiting agriculture to narrow riverine bands.[file:132]","Hides, copper, mercenaries.",26903.6584375637,Tue May 26 2026 16:23:30 GMT-0300 (Argentina Standard Time)
56,Evendim Hills,province,6,"The Evendim Hills (Sindarin Emyn Uial, 'Hills of Twilight') are the upland region around the valley of the Cornalas and the northern shore of Lake Evendim (Nenuial) in western Arthedain. For one season they are pale brown under constant cool mists cupped in the valley, for another they lie soft and white under snow, and in the Awakening and the Poem the valley becomes a shifting tapestry of lush greens. Though unproductive by southern standards—steep hillsides strain shepherds’ knees and narrow vales have thin soil—the hills have long been the heart of Arthedain, their rippling waters and mists inspiring poets and musicians.","For your climate and biome system, treat the Evendim Hills (Emyn Uial) as a cool, maritime upland with high rainfall, heavy seasonal mist and snow, and a strong human imprint through terraces and roads, yet always on the edge of rewilding by gorse, heather and grass. In the pre–War of the Ring Third Age, they are still inhabited and functioning as a heartland of Arthedain, though already feeling the strain of colder winters and creeping decline.[file:179]",,50376.9553881854,Tue May 26 2026 16:23:30 GMT-0300 (Argentina Standard Time)
82,Fangorn,province,3,"Fangorn is an ancient forest on the southeastern slopes of the Misty Mountains, bordered to the north by the plains running to the Silverlode (Celebrant), to the west by the high peaks, to the east by the Wold and to the south by the open plains of Calenardhon. It is the last great remnant of the immense forest that once covered much of Eriador and Calenardhon and is uniquely tended by the Ents, who act as tree-herds and guardians of this 'giant garden'. The module also treats the surrounding borderlands along the Entwash and Limlight as part of the same regional system.","This object treats 'Fangorn Forest and Borders' as a single region with an Ent-managed ancient forest core, flanked by limestone hills and Misty Mountain foothills, and bordered by the Wold and Calenardhon plains. The climate and flora sections emphasize Fangorn’s uniqueness as a 'giant garden' with high tree diversity, sectionalized groves and minimal undergrowth, while the fauna and people sections highlight Ents, Huorns and mixed border populations. For your Middle-earth-over-Europe map, Fangorn should be mapped as a dense, humid, cool-temperate old-growth forest with strong microclimatic buffering, adjacent to continental grasslands and mountain foothills, and serving as a key ecological and cultural node between Rohan and the southern Misty Mountains.[file:154]",No exports.,33175.4706413774,Tue May 26 2026 16:23:30 GMT-0300 (Argentina Standard Time)
75,Forithilien,province,10,"Forithilien, or North Ithilien, is the northern part of Gondor’s eastern Anduin province between the Great River and the Ephel Dúath, stretching from the Dead Marshes and Nindalf southward to the valley of the Ithilduin (later Morgulduin). It is the section of Ithilien most clearly shown in The Lord of the Rings, where Frodo, Sam and Gollum travel towards Cirith Ungol and where Faramir’s rangers maintain secret refuges like Henneth Annûn. In Gondor’s strength it is famed as a fair, fertile land of climbing woods, swift streams and rich gardens; by the late Third Age it is largely depopulated and serves as a hidden war-ground between Gondor’s rangers and the forces moving out of Mordor.","For your map and biome system, treat Forithilien as Tolkien’s primary Ithilien zone: a north-central, warm-temperate Anduin–Ephel Dúath belt with exceptional plant richness, many small streams and ravines, and a human geography dominated in the late Third Age by rangers and war traffic rather than settled towns.[web:221][web:224][web:225][web:226][web:228]",,25209.47484913,Tue May 26 2026 16:23:30 GMT-0300 (Argentina Standard Time)
57,Fornost,province,6,"Fornost Erain, the 'Norbury of the Kings', was once the grand, fortified northern capital of the kingdom of Arthedain, located at the northern end of the North Downs. Now a silent, massive ruin known as Deadmen's Dike, it is haunted by ghosts, wraiths, and the memories of the fallen Dúnedain. The ruins are characterized by crumbling stone ramparts, collapsed halls, and overgrown ditches.","Fornost remains a place of dread, avoided by locals due to rumors of active dark spirits.",None (relics and ancient treasures of Arnor).,54791.6124183644,Tue May 26 2026 16:23:30 GMT-0300 (Argentina Standard Time)
73,Forochel,province,36,"The Cape and Bay of Forochel are a rough, cold and storm-wracked peninsula and bay thrusting into Belegaer and the Encircling Sea, the last remnant of lands once lying beyond the Iron Mountains, scarred by Morgoth’s malice but rich in marine life, whaling, furs and treacherous ice. Geology consists of barren shelf of granite worn smooth by the passage of great ice sheets, with little accessible mineral wealth.","Use this region for coastal, maritime and whaling routes, iceberg travel and interactions with Lossoth sea-hunters, Snow-elves and southern whalers; inland tundra and the broader herd-migration ecology are handled under Talath Uichel.[file:39] Bleak, barren arctic wastes where only the Lossoth live in snow-houses, hunting seals and whales. No trees grow in Forochel; only stubbly grasses and scrawny shrubs exist to feed the herds of Losrandir.",,69796.3868836434,Tue May 26 2026 16:23:30 GMT-0300 (Argentina Standard Time)
66,Forovirian,province,22,"Mount Gundabad is the northernmost and one of the highest peaks of the Misty Mountains, a triple‑spired volcanic giant honeycombed into a vast Orc‑city and forge complex, capital of the Orcs of the Mountains and a key client realm of Angmar.","This object focuses on the Gundabad region at T.A. 1640, when it stands as an unconquered Orc capital and key armory for Angmar; later events like the War of the Dwarves and Orcs and the Battle of Five Armies can be modeled as time‑variant overlays.",,75802.564902689,Tue May 26 2026 16:23:30 GMT-0300 (Argentina Standard Time)
2,Gramuz,province,17,"Gramuz is a rugged northern wilderland region of Dor Rhunen, situated north of Dorwinion and south of the Iron Hills. It is characterized by undulating lowlands, rolling hills, and scattered mixed woodlands. It is a harsh frontier territory populated by semi-nomadic Easterling clans and hardy Northmen who struggle for survival against the bitter cold winds blowing from the northeast Sea of Rhûn.",Gramuz forms a vital buffer zone between the Elven woodlands of Taur Romen and the Dwarven mines of Eorstan.,"Grain, horses, mercenaries.",50900.3184211465,Tue May 26 2026 16:23:30 GMT-0300 (Argentina Standard Time)
78,Hairavercien,province,10,"Southern Gondor comprises the fertile river valleys, coastal plains, highland vales and mountain flanks between the White Mountains (Ered Nimrais) and the Bay of Belfalas, encompassing the provinces of Lebennin, Belfalas/Dor-en-Ernil, Lamedon, Anfalas and the Pinnath Gelin—the heartland of Númenórean civilization in Middle-earth.","Southern Gondor's natural environment has been extensively reshaped by Númenórean colonization; the biomes encoded here reflect the Third Age T.A. 1640 state, not a pristine natural landscape; the most 'wild' zones are the Cape of Andrast, Ethir Anduin delta, upper mountain vales and Tolfalas. Harondor (the arid plateau south of the Poros) is treated as a separate region.[file:73]",,32536.2389850029,Tue May 26 2026 16:23:30 GMT-0300 (Argentina Standard Time)
18,Harithilien,province,10,"Harithilien is South Ithilien, a distinct, fertile, and beautiful region bordering Harondor and Mordor. It is characterized by volcanic soils enriched by the Ephel Dúath, featuring ancient ruined estates of Gondor, hidden ranger outposts, and lush vegetation.",Harithilien is highly contested and frequently raided by Haradrim and Orcs marching north.,"Herbs, olives, wild game.",45219.0450011394,Tue May 26 2026 16:23:30 GMT-0300 (Argentina Standard Time)
12,Harondor,province,10,"Harondor is the arid, contested plateau between the Poros river and the Vale of Harnen, bounded by the Ephel Dûath to the east and the Belfalas coast to the west; a perpetually disputed borderland between Gondor and the Haruze/Umbarean powers, drier and hotter than the Gondorian heartland. Geology consists of igneous bedrock, with basalt common near the coast and granite further inland. valuable coastal salt panning is a major industry.","Harondor is treated as a separate region from the Gondorian heartland due to its clearly distinct biome (steppe-desert vs. temperate coastal), political instability and frontier character; it is the transitional zone to Near Harad and should be linked with that region for route and climate continuity.[file:73] Best described in three zones: a fertile coastal strip receiving sufficient rain to support cedar, oak, juniper, and palm with domestic crops (olives, dates, grapes, pomegranates); vegetated dune-fields, badlands, and hilly shrublands inland; and an arid desert interior of active dunes and salt flats.",,123555.699908239,Tue May 26 2026 16:23:30 GMT-0300 (Argentina Standard Time)
24,Iron Hills,province,9,"The Grey Mountains (Ered Mithrin) form a long, cold northern range between Mirkwood and the Forodwaith, with abrupt cliffs above the Wilderland, gentler northern slopes fading into tundra and the Talath Oiohelka, and the dragon-haunted basin of the Withered Heath between the eastern forks of the range.","This object treats the Grey Mountains, Narrows, Northern Waste fringe and Withered Heath as a single climatic and ecological unit centered on the Ered Mithrin and its dragon-haunted basin; specific Dwarven holds (Silverplunge, Thunderclift, Norr-dum, Silverpit), Beorning manors, Ice-orc Kala Dulakurth and named dragon lairs such as Steel Fall or Anvilmount can be modeled as separate site objects where finer resolution is needed.[file:38]","Market, finished goods, beer.",84082.5013946471,Tue May 26 2026 16:23:30 GMT-0300 (Argentina Standard Time)
30,Lairiardhon,province,26,"Lindon is the westernmost Elvish realm of Middle-earth, the remnant of Ossiriand that survived the War of Wrath. After the breaking and flooding of Beleriand, the Great Sea breached the Blue Mountains to form the Gulf of Lhûn, dividing Lindon into Forlindon (North Lindon) and Harlindon (South Lindon), with the River Lhûn as the eastern border against Arnor. Throughout the Second and early Third Age it is the principal Elven coastal realm and home of the Grey Havens (Mithlond). Geology consists of folded sedimentary rock (slate and sandstone) with rich iron lodes and abundant coal deposits in forlindon.","This Lindon work is an unlicensed, non-commercial fan-made Realm (version 3.2, 2023) rather than an original ICE product, but it is structured like a MERP Realm and synthesizes Tolkien canon with MERP-style material. For your Middle-earth-on-Europe map, Lindon should be treated as one macro-region with internal subregions (Forlindon, Harlindon, Rhûnlindon) sharing a maritime temperate climate, and Mithlond explicitly marked as a major harbor node. Climate numbers (temperature ranges and precipitation) from the Traveller’s Guide can be mapped directly onto your climate system for coastal vs mountain bands, while the Wandering Companies’ route description provides a canonical overland corridor from Imladris to the Grey Havens for your path and distance calculations.[file:99] Eerily beautiful remnants of Beleriand, characterized by rugged coastal hills, fertile valleys, and evergreen forests. A light rain, drizzle, or ethereal fog falls on most days of the year, allowing mosses, ferns, firs, and spruce to thrive.","Ships, fish, rope, textiles, herbs.",12525.5600089629,Tue May 26 2026 16:23:30 GMT-0300 (Argentina Standard Time)
19,Lamedon,province,10,"Southern Gondor comprises the fertile river valleys, coastal plains, highland vales and mountain flanks between the White Mountains (Ered Nimrais) and the Bay of Belfalas, encompassing the provinces of Lebennin, Belfalas/Dor-en-Ernil, Lamedon, Anfalas and the Pinnath Gelin—the heartland of Númenórean civilization in Middle-earth.","Southern Gondor's natural environment has been extensively reshaped by Númenórean colonization; the biomes encoded here reflect the Third Age T.A. 1640 state, not a pristine natural landscape; the most 'wild' zones are the Cape of Andrast, Ethir Anduin delta, upper mountain vales and Tolfalas. Harondor (the arid plateau south of the Poros) is treated as a separate region.[file:73]",,70399.7309185829,Tue May 26 2026 16:23:30 GMT-0300 (Argentina Standard Time)
11,Lebennin,province,10,"Lebennin, the Place of Five Waters, is the rich, river-laced heartland of Gondor between the White Mountains and the Anduin, a fertile province of rolling fields, busy ports and Sea-lords whose fleets fight Corsairs and smugglers across the Bay of Belfalas.","This Lebennin object treats the province as the central Gondorian coastal heartland described in Sea-Lords of Gondor, suitable as a single climatic and cultural region node: sub-areas like Pelargir’s urban districts, Balimur Swamps or individual mountain valleys can be broken out later as separate region or site objects if you want finer resolution.[file:30]",,100228.972988624,Tue May 26 2026 16:23:30 GMT-0300 (Argentina Standard Time)
31,Lildardhon,province,26,"Lindon is the westernmost Elvish realm of Middle-earth, the remnant of Ossiriand that survived the War of Wrath. After the breaking and flooding of Beleriand, the Great Sea breached the Blue Mountains to form the Gulf of Lhûn, dividing Lindon into Forlindon (North Lindon) and Harlindon (South Lindon), with the River Lhûn as the eastern border against Arnor. Throughout the Second and early Third Age it is the principal Elven coastal realm and home of the Grey Havens (Mithlond). Geology consists of folded sedimentary rock (slate and sandstone) with rich iron lodes and abundant coal deposits in forlindon.","This Lindon work is an unlicensed, non-commercial fan-made Realm (version 3.2, 2023) rather than an original ICE product, but it is structured like a MERP Realm and synthesizes Tolkien canon with MERP-style material. For your Middle-earth-on-Europe map, Lindon should be treated as one macro-region with internal subregions (Forlindon, Harlindon, Rhûnlindon) sharing a maritime temperate climate, and Mithlond explicitly marked as a major harbor node. Climate numbers (temperature ranges and precipitation) from the Traveller’s Guide can be mapped directly onto your climate system for coastal vs mountain bands, while the Wandering Companies’ route description provides a canonical overland corridor from Imladris to the Grey Havens for your path and distance calculations.[file:99] Eerily beautiful remnants of Beleriand, characterized by rugged coastal hills, fertile valleys, and evergreen forests. A light rain, drizzle, or ethereal fog falls on most days of the year, allowing mosses, ferns, firs, and spruce to thrive.","Ships, fish, rope, textiles, herbs.",9738.10565974693,Tue May 26 2026 16:23:30 GMT-0300 (Argentina Standard Time)
81,Lone-lands,province,35,"Rhudaur is the eastern successor state of Arnor, a rugged, sparsely settled land between the Ettenmoors, the Trollshaws and the Angle. It stretches from the Ettenmoors and Ettendales in the north down through the Pinefells and Trollshaws to the rolling lowlands between the rivers Mitheithel and Bruinen, forming a harsh frontier of jagged hills, evergreen forests, boggy vales and predator-haunted woodlands.","This object isolates Rhudaur as a region within Arnor: The Land, focusing on geographic subzones (Ettenmoors, Ettendales, Pinefells/Coldfells, Trollshaws, Coed Drug, Angle) and mapping the general Flora & Fauna of Eriador onto these specific landscapes. The key Rhudaur-specific ecological elements are the Pinefells evergreens, the Coed Drug ancient 'Evilwood', the losrandir herds and the concentration of Hill and Forest Trolls. Climate and hydrology are dominated by snow-fed highlands (Ettenmoors/Ettendales) and the swift Mitheithel, with constant winds limiting agriculture to narrow riverine bands.[file:132]","Hides, copper, mercenaries.",29621.9673960908,Tue May 26 2026 16:23:30 GMT-0300 (Argentina Standard Time)
84,Lorien,province,7,"Lórien, the Golden Wood, is a secluded Elven forest-realm east of the Misty Mountains, ruled by Galadriel and Celeborn and defined by its golden mallorn trees, timeless beauty, and potent yet subtle Ring-lore.",This object treats Lórien as the Golden Wood region as a whole. Tightly defined sites like Caras Galadhon can be modeled as separate site objects if you want finer granularity.,"Textiles, rope, herbs, healing.",18780.7003050506,Tue May 26 2026 16:23:30 GMT-0300 (Argentina Standard Time)
51,Mänoriand,province,24,"Lindon is the westernmost Elvish realm of Middle-earth, the remnant of Ossiriand that survived the War of Wrath. After the breaking and flooding of Beleriand, the Great Sea breached the Blue Mountains to form the Gulf of Lhûn, dividing Lindon into Forlindon (North Lindon) and Harlindon (South Lindon), with the River Lhûn as the eastern border against Arnor. Throughout the Second and early Third Age it is the principal Elven coastal realm and home of the Grey Havens (Mithlond). Geology consists of folded sedimentary rock (slate and sandstone) with rich iron lodes and abundant coal deposits in forlindon.","This Lindon work is an unlicensed, non-commercial fan-made Realm (version 3.2, 2023) rather than an original ICE product, but it is structured like a MERP Realm and synthesizes Tolkien canon with MERP-style material. For your Middle-earth-on-Europe map, Lindon should be treated as one macro-region with internal subregions (Forlindon, Harlindon, Rhûnlindon) sharing a maritime temperate climate, and Mithlond explicitly marked as a major harbor node. Climate numbers (temperature ranges and precipitation) from the Traveller’s Guide can be mapped directly onto your climate system for coastal vs mountain bands, while the Wandering Companies’ route description provides a canonical overland corridor from Imladris to the Grey Havens for your path and distance calculations.[file:99] Eerily beautiful remnants of Beleriand, characterized by rugged coastal hills, fertile valleys, and evergreen forests. A light rain, drizzle, or ethereal fog falls on most days of the year, allowing mosses, ferns, firs, and spruce to thrive.","Ships, fish, rope, textiles, herbs.",26700.5248810456,Tue May 26 2026 16:23:30 GMT-0300 (Argentina Standard Time)
16,Minhiriath,province,34,"Cardolan, the Land of Red Hills, is the southern successor-kingdom of Arnor between the Baranduin and the Gwathló–Mitheithel, a windswept land of treeless plains, red downs, marshy river basins and the barrow‑haunted hills whose shattered Dúnedain realm never fully recovered from war, civil strife and plague.","This Cardolan object treats the realm at its mid‑Third Age extent around T.A. 1640 as a single climatic and cultural region node, combining Minhiriath and Mintyrnath into one macro‑region for your model; more detailed political units like Saralainn, Tharbad, individual principalities or the Warlord’s domain can be spun out later as separate objects if finer resolution is needed.[file:31]","Wool, textiles, trade, mercenaries.",84032.6693429657,Tue May 26 2026 16:23:30 GMT-0300 (Argentina Standard Time)
60,Mintyrnath,province,34,"Cardolan, the Land of Red Hills, is the southern successor-kingdom of Arnor between the Baranduin and the Gwathló–Mitheithel, a windswept land of treeless plains, red downs, marshy river basins and the barrow‑haunted hills whose shattered Dúnedain realm never fully recovered from war, civil strife and plague.","This Cardolan object treats the realm at its mid‑Third Age extent around T.A. 1640 as a single climatic and cultural region node, combining Minhiriath and Mintyrnath into one macro‑region for your model; more detailed political units like Saralainn, Tharbad, individual principalities or the Warlord’s domain can be spun out later as separate objects if finer resolution is needed.[file:31]","Wool, textiles, trade, mercenaries.",61436.1378268793,Tue May 26 2026 16:23:30 GMT-0300 (Argentina Standard Time)
3,Mirkwood Wilds,province,27,"Southern Mirkwood and Southern Rhovanion form a wild, embattled region stretching from the Old Forest Road down to the Dagorlad and the Emyn Muil, dominated by the dark forest around Dol Guldur, the horse-plains of Talath Harroch, and the Anduin vales and Brown Lands that lie between Mirkwood and Gondor. Geology consists of primarily sedimentary strata of limestone and shale, with significant granite projections such as the cinder cone of amon lanc and the mountains of mirkwood.","This object treats Southern Mirkwood and Southern Rhovanion as a single strategic and ecological unit in T.A. 1640: the haunted southern forest around Dol Guldur, the Talath Harroch horse-plains, the Anduin vales and Brown Lands, and the human and inhuman powers contesting them; individual sites such as Woodmen-town, Rhosgobel, Thorontir and Dol Guldur’s detailed layouts can be represented as separate site objects if needed. The largest forest in western Endor, dominated by oaks, maples, elms, and conifers. It has fallen under a stagnant, heavy shadow since the Necromancer established Dol Guldur, making southern reaches twisted, dark, and home to giant spiders.","Lumber, hides, nuts, carved wooden boxes.",123262.580814629,Tue May 26 2026 16:23:30 GMT-0300 (Argentina Standard Time)
74,Mordor,province,2,"Mordor, the Black Land, is the volcanic plateau realm of the Dark Lord Sauron, walled in on three sides by the formidable mountain chains of Ephel Dúath and Ered Lithui. The plateau is arid, rugged, and heavily Orc-infested, serving as a fortress-kingdom of evil. Bedrock consists of black volcanic basalt giving the region its characteristic black, scorched appearance.","Mordor remains an impenetrable natural fortress, viewed with terror by all Free Peoples.",No exports.,161147.421492783,Tue May 26 2026 16:23:30 GMT-0300 (Argentina Standard Time)
71,Moria,province,20,"Moria, or Khazad-dûm, is the ancient and legendary underground Dwarf-city of the House of Durin, carved deep beneath the Misty Mountains. Now a vast, dark abyss occupied by Orcs, Cave-Trolls, and the shadow of the Balrog.","Moria is a place of absolute darkness, feared by Elves and Men alike.","Precious metals, gems, finished products, Mithril.",17437.6580434731,Tue May 26 2026 16:23:30 GMT-0300 (Argentina Standard Time)
38,Nan Anduin,province,33,"Nan Anduin is the long, wide, and highly fertile alluvial valley through which the Great River Anduin flows between the Misty Mountains and Mirkwood. It contains some of the richest soil in Middle-earth, supporting scattered communities of Beornings, Woodmen, and Northman pioneers.","The Anduin is the life-blood of Rhovanion, serving as a natural trade corridor and barrier.","Grain, hides, cattle, honey, amber, tin.",60114.7870147164,Tue May 26 2026 16:23:30 GMT-0300 (Argentina Standard Time)
68,North Misty Mountains,province,8,"The High Pass (Cirith Forn en Andrath, S. 'High-climbing Pass of the North') cuts through the central Misty Mountains connecting Rivendell and Eriador in the west to the upper Anduin Vales and Rhovanion in the east. It encompasses the Orcish stronghold of Goblin-gate, the eyrie of the Great Eagles, the Northman market-town of Maethelburg, the western foothills of Rhudaur, and the broad river plain of the Anduin. Geology consists of limestone and granite with massive igneous basalt intrusions. western foothills consist of red sandstone, while eastern valleys contain oily black shale; rich in copper, iron, silver, gold, and mithril.","This module is centered on T.A. 1640 (primary time period), with additional adventures set in T.A. 2940 (time of The Hobbit, when Gollum is already in the caves and Thorin's company passes through) and F.A. 1. The fauna and flora data reflect the T.A. 1640 baseline. Goblin-gate's internal geography is partially procedurally generated (Random Features Table in the module) and not fully fixed on maps—only key route passages are mapped. The region connects westward to Rivendell/Eriador and eastward to northern Mirkwood via Maethelburg and the Old Ford, making it a critical chokepoint on the Misty Mountains.[file:88] The longest and highest mountain chain in the west, serving as a formidable glacial barrier between Eriador and Rhovanion. Heavy snows and glaciers cover peaks above 11,500 feet year-round. It is riddled with Orc-holds, Dwarven caverns, and the under-deeps.","Grain, hides, cattle, honey, amber, tin.",31199.2159071267,Tue May 26 2026 16:23:30 GMT-0300 (Argentina Standard Time)
48,Numeriador,province,24,"Numeriador is the cold, rugged, and wind-swept northern plateau of Eriador, lying north of the Hills of Evendim. It is a sparsely populated, rolling wilderness of grasses and stunted shrubs, once part of the kingdom of Arnor.","Numeriador acts as a vast, lawless buffer zone between Arnor and the frozen north.","Hides, wool, copper.",64386.6143223664,Tue May 26 2026 16:23:30 GMT-0300 (Argentina Standard Time)
76,Nurn,province,28,"Nurn is the more fertile, semi-arid southern province of Mordor surrounding the highly saline Lake Nurnen. Enriched by volcanic soils and watered by mountain streams, Nurn serves as the slave-worked breadbasket feeding the massive armies of Sauron.","Lake Nurnen is a bitter, saline, and chemical-heavy inland sea with no natural outlet.",,207713.200820282,Tue May 26 2026 16:23:30 GMT-0300 (Argentina Standard Time)
58,Old Forest,province,4,"The Old Forest is an ancient, sentient, and deeply shadowed woodland bordering the eastern Shire. Known for its hostile, moving trees and gnarled roots, it is ruled by the mysterious Old Man Willow and protected by Tom Bombadil.","The Old Forest is incredibly dangerous; pathways shift, and the trees actively conspire against travelers.","Wild fruits, honey.",4994.38651695736,Tue May 26 2026 16:23:30 GMT-0300 (Argentina Standard Time)
5,Parth Celebrant,province,37,"Parth Celebrant, the Field of Celebrant, is a wide, rolling grassy plain nestled between the Great River Anduin and the Limlight. It is famous as the historical battleground where Eorl the Young led the Éothéod to save the armies of Gondor, leading to the gift of Rohan.","Parth Celebrant remains a highly revered historic site, commemorating the ancient alliance between Rohan and Gondor.","Horses, beef, leather.",28592.5154664929,Tue May 26 2026 16:23:30 GMT-0300 (Argentina Standard Time)
55,Rammas Formen,province,6,"The Rammas Forod (Sindarin 'Great Wall of the North'; Adûnaic Ramênytunêny, actually 'South-wall') is a low chain of hills dividing the down-lands of northern Arthedain from the watershed of the Wash Tundra. To the west it widens into the Talath Muil, while to the east its hills thin out and merge into the Everlasting Plain. Born as debris from the collapse of the Iron Mountains in the War of Wrath, the ridge has shed rock and soil into the valleys on either side, allowing modest forests to grow along its flanks. Clear air and narrow defiles offer room for small farms and gardens, and for a time the Rammas served as a religious retreat for the Faithful of Arnor.","In your climate and biome model, Rammas Forod should be treated as a cold, semi-arid plateau and ridge system under strong rain shadow, with a very short green season, long dry periods and snowy, windy winters. It is also a key military and cultural frontier between Arthedain and Angmar and a corridor where garrisons, religious communities and Lumënyihmënyt hunters overlap, all in the Third Age before the War of the Ring.",,26112.0495896464,Tue May 26 2026 16:23:30 GMT-0300 (Argentina Standard Time)
17,Rast Vorn,province,15,"Cardolan, the Land of Red Hills, is the southern successor-kingdom of Arnor between the Baranduin and the Gwathló–Mitheithel, a windswept land of treeless plains, red downs, marshy river basins and the barrow‑haunted hills whose shattered Dúnedain realm never fully recovered from war, civil strife and plague.","This Cardolan object treats the realm at its mid‑Third Age extent around T.A. 1640 as a single climatic and cultural region node, combining Minhiriath and Mintyrnath into one macro‑region for your model; more detailed political units like Saralainn, Tharbad, individual principalities or the Warlord’s domain can be spun out later as separate objects if finer resolution is needed.[file:31]","Wool, textiles, trade, mercenaries.",20868.6535826982,Tue May 26 2026 16:23:30 GMT-0300 (Argentina Standard Time)
80,Rivendell,province,31,"The Vale of Imladris (Rivendell) is a deeply cloven, hidden valley at the western feet of the Misty Mountains in eastern Rhudaur, carved by the Bruinen (Loudwater). It forms a small but varied enclave of high hills, steep forested slopes and a sheltered inner valley dominated by Elrond’s house. Surrounded by the harsher lands of Rhudaur (Highlands, Trollshaws and Lowlands), Rivendell is an ‘island of refuge’ where Elves and Dúnedain hold back the darkness of Trolls, Hillmen, Wolves and Orcs in the wider region.[file:244]","Use this region object for any mapping or biome work around the Vale: Rivendell itself should be treated as a small, magically sheltered forested valley pocket embedded inside the harsher upland and woodland mosaics of eastern Rhudaur (Highlands, Trollshaws, Lowlands) described in the module.[file:244]",,4255.41204331743,Tue May 26 2026 16:23:30 GMT-0300 (Argentina Standard Time)
62,Rohan,province,32,"Rohan is a beautiful territory and one of the jewels of the Gondorian crown, a wide land of rolling pastures and coombes dominated by the towering peaks of the White Mountains, home of the semi‑nomadic Horse‑lords who became the Rohirrim after T.A. 2510.","This region object focuses on Rohan in the Rohirric Age (T.A. 2510 onward), but the same land supports earlier Othod settlements; sub‑sites like Edoras, Helm’s Deep, and Dunharrow can be handled as separate site objects tied to this region.",,139123.22893202,Tue May 26 2026 16:23:30 GMT-0300 (Argentina Standard Time)
26,Ronalindon,province,26,"Ronalindon is a serene coastal subregion of Harlindon situated along the shores of the Gulf of Lhûn and Belegaer. Famed for its peaceful forest glades, quiet river estuaries, and coastal mudflats, it represents a pristine maritime-woodland environment where Elves live in harmony with both the forest and the sea. Geology consists of folded sedimentary rock (slate and sandstone) with rich iron lodes and abundant coal deposits in forlindon.","Ronalindon is a deeply spiritual and peaceful retreat for sea-yearning Elves before they depart from the Grey Havens. Eerily beautiful remnants of Beleriand, characterized by rugged coastal hills, fertile valleys, and evergreen forests. A light rain, drizzle, or ethereal fog falls on most days of the year, allowing mosses, ferns, firs, and spruce to thrive.","Ships, fish, rope, textiles, herbs.",17544.0186422754,Tue May 26 2026 16:23:30 GMT-0300 (Argentina Standard Time)
36,Ronen-in-Anduin,province,33,Ronen-in-Anduin is the eastern floodplains and low rolling hills bordering the Great River Anduin as it passes through the territory of Rhovanion. It represents a transition zone between the river valleys and the wide eastern steppes.,Ronen-in-Anduin is highly vulnerable to raids from Easterlings crossing the River Running.,"Beef, hides, horses, grains.",23681.4855249986,Tue May 26 2026 16:23:30 GMT-0300 (Argentina Standard Time)
53,Sandariand,province,24,"Lindon is the westernmost Elvish realm of Middle-earth, the remnant of Ossiriand that survived the War of Wrath. After the breaking and flooding of Beleriand, the Great Sea breached the Blue Mountains to form the Gulf of Lhûn, dividing Lindon into Forlindon (North Lindon) and Harlindon (South Lindon), with the River Lhûn as the eastern border against Arnor. Throughout the Second and early Third Age it is the principal Elven coastal realm and home of the Grey Havens (Mithlond). Geology consists of folded sedimentary rock (slate and sandstone) with rich iron lodes and abundant coal deposits in forlindon.","This Lindon work is an unlicensed, non-commercial fan-made Realm (version 3.2, 2023) rather than an original ICE product, but it is structured like a MERP Realm and synthesizes Tolkien canon with MERP-style material. For your Middle-earth-on-Europe map, Lindon should be treated as one macro-region with internal subregions (Forlindon, Harlindon, Rhûnlindon) sharing a maritime temperate climate, and Mithlond explicitly marked as a major harbor node. Climate numbers (temperature ranges and precipitation) from the Traveller’s Guide can be mapped directly onto your climate system for coastal vs mountain bands, while the Wandering Companies’ route description provides a canonical overland corridor from Imladris to the Grey Havens for your path and distance calculations.[file:99] Eerily beautiful remnants of Beleriand, characterized by rugged coastal hills, fertile valleys, and evergreen forests. A light rain, drizzle, or ethereal fog falls on most days of the year, allowing mosses, ferns, firs, and spruce to thrive.","Ships, fish, rope, textiles, herbs.",21864.0619240093,Tue May 26 2026 16:23:30 GMT-0300 (Argentina Standard Time)
15,South Arthedain,province,6,"Arthedain is the northern Dúnedain kingdom in Eriador, cradled between the Blue Mountains and the Misty Mountains and bounded by the rivers Lhûn and Baranduin, a cool, sparsely populated realm of rocky hills, downs, marshes, and the Shire, ruled from Fornost as the last Númenórean realm in the North in T.A. 1640.","This Arthedain object is meant to capture the realm as described around T.A. 1640 in Rangers of the North, with climate and landforms usable as a base layer for pathfinding, biome assignment and climate modeling; more focused regions like Angmar, Cardolan and Rhudaur are handled in their own supplements.[file:25]","Wool, grain, silver, copper, books.",87034.9003178647,Tue May 26 2026 16:23:30 GMT-0300 (Argentina Standard Time)
59,South Downs,province,34,"Arthedain is the northern Dúnedain kingdom in Eriador, cradled between the Blue Mountains and the Misty Mountains and bounded by the rivers Lhûn and Baranduin, a cool, sparsely populated realm of rocky hills, downs, marshes, and the Shire, ruled from Fornost as the last Númenórean realm in the North in T.A. 1640.","This Arthedain object is meant to capture the realm as described around T.A. 1640 in Rangers of the North, with climate and landforms usable as a base layer for pathfinding, biome assignment and climate modeling; more focused regions like Angmar, Cardolan and Rhudaur are handled in their own supplements.[file:25]","Wool, grain, silver, copper, books.",33890.8376334702,Tue May 26 2026 16:23:30 GMT-0300 (Argentina Standard Time)
32,South Harlindon,province,26,"South Harlindon is a green, quiet coastal and forest region south of the Gulf of Lhûn. Historically a fief under Celeborn, Harlindon is characterized by lowlands cloaked in rich deciduous and coniferous forests and a long-term peaceful rural atmosphere. The eastern foothills are used by Dwarves for active coal and iron mines. Geology consists of folded sedimentary rock (slate and sandstone) with rich iron lodes and abundant coal deposits in forlindon.","South Harlindon represents the rustic, woodland-oriented side of Lindon, in contrast to the high-craft ports of Forlindon. Eerily beautiful remnants of Beleriand, characterized by rugged coastal hills, fertile valleys, and evergreen forests. A light rain, drizzle, or ethereal fog falls on most days of the year, allowing mosses, ferns, firs, and spruce to thrive.","Ships, fish, rope, textiles, herbs.",28218.6896602588,Tue May 26 2026 16:23:30 GMT-0300 (Argentina Standard Time)
54,Talath Muil,province,6,"Talath Muil ('Drear Plain') is the rugged highland plain forming the northwestern marches of Arthedain, dividing northern Arthedain from the Wash Tundra and the Vale of the Lhûn. It is a windswept, largely treeless upland of low grass and open grassland, dotted with large wildflower meadows and small copses of ash and birch. To the east it abuts the rocky western edges of the northern Hills of Evendim, whose rough ground is difficult to traverse even on foot, and whose rocky hills gradually mellow into grass-covered downs and finally spill northeast into the dry plateau of the Rammas Forod.","Talath Muil, as framed here, is a cold, foggy, windswept upland between Arthedain and the far northern tundra, ecologically distinct from the more populated Evendim Hills and Emyn Uial. For your map and climate model (Third Age, pre-War of the Ring), treat it as a marginal, low-productivity biome with strong wind exposure, constant damp, and limited human presence, but with important military and ecological links to the Hills of Evendim, Rammas Forod and the Wash Tundra.[file:179][file:132]",,34926.1288098374,Tue May 26 2026 16:23:30 GMT-0300 (Argentina Standard Time)
67,Talath Uichel,province,1,"Talath Uichel, the Plain of Everlasting Cold, is the vast tundra interior east of Forochel, structured into green belts and herding grounds, while beyond its northern edge lies the Landless Land, the polar ice-cap desert at the very end of Middle-earth.","Use this region for large-scale herd migrations, overland routes, Angmar–Arthedain maneuvering and polar expeditions; coastal and marine gameplay, iceberg travel and bay whaling belong primarily to the Forochel region.[file:39]",,62555.3620429798,Tue May 26 2026 16:23:30 GMT-0300 (Argentina Standard Time)
85,The Shire,province,6,"Arthedain is the northern Dúnedain kingdom in Eriador, cradled between the Blue Mountains and the Misty Mountains and bounded by the rivers Lhûn and Baranduin, a cool, sparsely populated realm of rocky hills, downs, marshes, and the Shire, ruled from Fornost as the last Númenórean realm in the North in T.A. 1640.","This Arthedain object is meant to capture the realm as described around T.A. 1640 in Rangers of the North, with climate and landforms usable as a base layer for pathfinding, biome assignment and climate modeling; more focused regions like Angmar, Cardolan and Rhudaur are handled in their own supplements.[file:25]","Wool, grain, silver, copper, books.",26091.0474885275,Tue May 26 2026 16:23:30 GMT-0300 (Argentina Standard Time)
22,Tol Fuin,province,24,"Lindon is the westernmost Elvish realm of Middle-earth, the remnant of Ossiriand that survived the War of Wrath. After the breaking and flooding of Beleriand, the Great Sea breached the Blue Mountains to form the Gulf of Lhûn, dividing Lindon into Forlindon (North Lindon) and Harlindon (South Lindon), with the River Lhûn as the eastern border against Arnor. Throughout the Second and early Third Age it is the principal Elven coastal realm and home of the Grey Havens (Mithlond). Geology consists of folded sedimentary rock (slate and sandstone) with rich iron lodes and abundant coal deposits in forlindon.","This Lindon work is an unlicensed, non-commercial fan-made Realm (version 3.2, 2023) rather than an original ICE product, but it is structured like a MERP Realm and synthesizes Tolkien canon with MERP-style material. For your Middle-earth-on-Europe map, Lindon should be treated as one macro-region with internal subregions (Forlindon, Harlindon, Rhûnlindon) sharing a maritime temperate climate, and Mithlond explicitly marked as a major harbor node. Climate numbers (temperature ranges and precipitation) from the Traveller’s Guide can be mapped directly onto your climate system for coastal vs mountain bands, while the Wandering Companies’ route description provides a canonical overland corridor from Imladris to the Grey Havens for your path and distance calculations.[file:99] Eerily beautiful remnants of Beleriand, characterized by rugged coastal hills, fertile valleys, and evergreen forests. A light rain, drizzle, or ethereal fog falls on most days of the year, allowing mosses, ferns, firs, and spruce to thrive.","Ships, fish, rope, textiles, herbs.",8448.97107178871,Tue May 26 2026 16:23:30 GMT-0300 (Argentina Standard Time)
23,Tolfalas,province,10,"Lebennin, the Place of Five Waters, is the rich, river-laced heartland of Gondor between the White Mountains and the Anduin, a fertile province of rolling fields, busy ports and Sea-lords whose fleets fight Corsairs and smugglers across the Bay of Belfalas.","This Lebennin object treats the province as the central Gondorian coastal heartland described in Sea-Lords of Gondor, suitable as a single climatic and cultural region node: sub-areas like Pelargir’s urban districts, Balimur Swamps or individual mountain valleys can be broken out later as separate region or site objects if you want finer resolution.[file:30]",,14749.4430137144,Tue May 26 2026 16:23:30 GMT-0300 (Argentina Standard Time)
40,Tower Hills,province,26,"The Tower Hills, or Emyn Beraid, are a range of green, rolling hills located west of the Shire. On their highest crests stand three ancient Elven-towers built by Gil-galad, where the Elendil Stone (palantír) was guarded for millennia.","The Tower Hills are a tranquil, holy sanctuary where the Elves preserve ancient memories of the First Age.","Ancient relics, herbs, honey.",25756.3447817441,Tue May 26 2026 16:23:30 GMT-0300 (Argentina Standard Time)
43,Trollshaws,province,35,"Rhudaur is the eastern successor state of Arnor, a rugged, sparsely settled land between the Ettenmoors, the Trollshaws and the Angle. It stretches from the Ettenmoors and Ettendales in the north down through the Pinefells and Trollshaws to the rolling lowlands between the rivers Mitheithel and Bruinen, forming a harsh frontier of jagged hills, evergreen forests, boggy vales and predator-haunted woodlands.","This object isolates Rhudaur as a region within Arnor: The Land, focusing on geographic subzones (Ettenmoors, Ettendales, Pinefells/Coldfells, Trollshaws, Coed Drug, Angle) and mapping the general Flora & Fauna of Eriador onto these specific landscapes. The key Rhudaur-specific ecological elements are the Pinefells evergreens, the Coed Drug ancient 'Evilwood', the losrandir herds and the concentration of Hill and Forest Trolls. Climate and hydrology are dominated by snow-fed highlands (Ettenmoors/Ettendales) and the swift Mitheithel, with constant winds limiting agriculture to narrow riverine bands.[file:132]","Hides, copper, mercenaries.",35598.1170304742,Tue May 26 2026 16:23:30 GMT-0300 (Argentina Standard Time)
65,Vinyalas,province,24,"Lindon is the westernmost Elvish realm of Middle-earth, the remnant of Ossiriand that survived the War of Wrath. After the breaking and flooding of Beleriand, the Great Sea breached the Blue Mountains to form the Gulf of Lhûn, dividing Lindon into Forlindon (North Lindon) and Harlindon (South Lindon), with the River Lhûn as the eastern border against Arnor. Throughout the Second and early Third Age it is the principal Elven coastal realm and home of the Grey Havens (Mithlond). Geology consists of folded sedimentary rock (slate and sandstone) with rich iron lodes and abundant coal deposits in forlindon.","This Lindon work is an unlicensed, non-commercial fan-made Realm (version 3.2, 2023) rather than an original ICE product, but it is structured like a MERP Realm and synthesizes Tolkien canon with MERP-style material. For your Middle-earth-on-Europe map, Lindon should be treated as one macro-region with internal subregions (Forlindon, Harlindon, Rhûnlindon) sharing a maritime temperate climate, and Mithlond explicitly marked as a major harbor node. Climate numbers (temperature ranges and precipitation) from the Traveller’s Guide can be mapped directly onto your climate system for coastal vs mountain bands, while the Wandering Companies’ route description provides a canonical overland corridor from Imladris to the Grey Havens for your path and distance calculations.[file:99] Eerily beautiful remnants of Beleriand, characterized by rugged coastal hills, fertile valleys, and evergreen forests. A light rain, drizzle, or ethereal fog falls on most days of the year, allowing mosses, ferns, firs, and spruce to thrive.","Ships, fish, rope, textiles, herbs.",12504.795492816,Tue May 26 2026 16:23:30 GMT-0300 (Argentina Standard Time)
61,Weather Hills,province,6,"Arthedain is the northern Dúnedain kingdom in Eriador, cradled between the Blue Mountains and the Misty Mountains and bounded by the rivers Lhûn and Baranduin, a cool, sparsely populated realm of rocky hills, downs, marshes, and the Shire, ruled from Fornost as the last Númenórean realm in the North in T.A. 1640.","This Arthedain object is meant to capture the realm as described around T.A. 1640 in Rangers of the North, with climate and landforms usable as a base layer for pathfinding, biome assignment and climate modeling; more focused regions like Angmar, Cardolan and Rhudaur are handled in their own supplements.[file:25]","Wool, grain, silver, copper, books.",11812.8311454773,Tue May 26 2026 16:23:30 GMT-0300 (Argentina Standard Time)
41,West Rhudaur,province,35,"Rhudaur is the eastern successor state of Arnor, a rugged, sparsely settled land between the Ettenmoors, the Trollshaws and the Angle. It stretches from the Ettenmoors and Ettendales in the north down through the Pinefells and Trollshaws to the rolling lowlands between the rivers Mitheithel and Bruinen, forming a harsh frontier of jagged hills, evergreen forests, boggy vales and predator-haunted woodlands.","This object isolates Rhudaur as a region within Arnor: The Land, focusing on geographic subzones (Ettenmoors, Ettendales, Pinefells/Coldfells, Trollshaws, Coed Drug, Angle) and mapping the general Flora & Fauna of Eriador onto these specific landscapes. The key Rhudaur-specific ecological elements are the Pinefells evergreens, the Coed Drug ancient 'Evilwood', the losrandir herds and the concentration of Hill and Forest Trolls. Climate and hydrology are dominated by snow-fed highlands (Ettenmoors/Ettendales) and the swift Mitheithel, with constant winds limiting agriculture to narrow riverine bands.[file:132]","Hides, copper, mercenaries.",73857.3718279497,Tue May 26 2026 16:23:30 GMT-0300 (Argentina Standard Time)
14,Westmarch,province,10,"Rohan is a beautiful territory and one of the jewels of the Gondorian crown, a wide land of rolling pastures and coombes dominated by the towering peaks of the White Mountains, home of the semi‑nomadic Horse‑lords who became the Rohirrim after T.A. 2510.","This region object focuses on Rohan in the Rohirric Age (T.A. 2510 onward), but the same land supports earlier Othod settlements; sub‑sites like Edoras, Helm’s Deep, and Dunharrow can be handled as separate site objects tied to this region.",,49608.9671970836,Tue May 26 2026 16:23:30 GMT-0300 (Argentina Standard Time)
69,Wilderness of Arnor,province,37,"The High Pass (Cirith Forn en Andrath, S. 'High-climbing Pass of the North') cuts through the central Misty Mountains connecting Rivendell and Eriador in the west to the upper Anduin Vales and Rhovanion in the east. It encompasses the Orcish stronghold of Goblin-gate, the eyrie of the Great Eagles, the Northman market-town of Maethelburg, the western foothills of Rhudaur, and the broad river plain of the Anduin. Geology consists of limestone and granite with massive igneous basalt intrusions. western foothills consist of red sandstone, while eastern valleys contain oily black shale; rich in copper, iron, silver, gold, and mithril.","This module is centered on T.A. 1640 (primary time period), with additional adventures set in T.A. 2940 (time of The Hobbit, when Gollum is already in the caves and Thorin's company passes through) and F.A. 1. The fauna and flora data reflect the T.A. 1640 baseline. Goblin-gate's internal geography is partially procedurally generated (Random Features Table in the module) and not fully fixed on maps—only key route passages are mapped. The region connects westward to Rivendell/Eriador and eastward to northern Mirkwood via Maethelburg and the Old Ford, making it a critical chokepoint on the Misty Mountains.[file:88] The longest and highest mountain chain in the west, serving as a formidable glacial barrier between Eriador and Rhovanion. Heavy snows and glaciers cover peaks above 11,500 feet year-round. It is riddled with Orc-holds, Dwarven caverns, and the under-deeps.","Grain, hides, cattle, honey, amber, tin.",22499.5064061208,Tue May 26 2026 16:23:30 GMT-0300 (Argentina Standard Time)
63,Wold,province,32,"Rohan is a beautiful territory and one of the jewels of the Gondorian crown, a wide land of rolling pastures and coombes dominated by the towering peaks of the White Mountains, home of the semi‑nomadic Horse‑lords who became the Rohirrim after T.A. 2510.","This region object focuses on Rohan in the Rohirric Age (T.A. 2510 onward), but the same land supports earlier Othod settlements; sub‑sites like Edoras, Helm’s Deep, and Dunharrow can be handled as separate site objects tied to this region.",,61494.4120556729,Tue May 26 2026 16:23:30 GMT-0300 (Argentina Standard Time)
4,Woodland Realm,province,13,"Northern Mirkwood is the northern half of the great forest once known as Greenwood the Great, stretching between the Anduin, the Grey Mountains, the Withered Heath and the upper River Running, and including Thranduil’s woodland realm, the Long Lake, the Lonely Mountain and the Iron Hills.","This object treats Northern Mirkwood as the combined forest, mountain and river system north of the Men-i-Naugrim in T.A. 1640, including Thranduil’s woodland realm, the Grey Mountains, Long Lake, Erebor’s immediate environs and the Iron Hills; specific cities such as Lake-town and Dale can be modeled as separate site objects.","Silk, timber, jewelry, herbs, fruit.",67111.1502038567,Tue May 26 2026 16:23:30 GMT-0300 (Argentina Standard Time)
37,Woodmen,province,23,"Southern Mirkwood and Southern Rhovanion form a wild, embattled region stretching from the Old Forest Road down to the Dagorlad and the Emyn Muil, dominated by the dark forest around Dol Guldur, the horse-plains of Talath Harroch, and the Anduin vales and Brown Lands that lie between Mirkwood and Gondor. Geology consists of primarily sedimentary strata of limestone and shale, with significant granite projections such as the cinder cone of amon lanc and the mountains of mirkwood.","This object treats Southern Mirkwood and Southern Rhovanion as a single strategic and ecological unit in T.A. 1640: the haunted southern forest around Dol Guldur, the Talath Harroch horse-plains, the Anduin vales and Brown Lands, and the human and inhuman powers contesting them; individual sites such as Woodmen-town, Rhosgobel, Thorontir and Dol Guldur’s detailed layouts can be represented as separate site objects if needed. The largest forest in western Endor, dominated by oaks, maples, elms, and conifers. It has fallen under a stagnant, heavy shadow since the Necromancer established Dol Guldur, making southern reaches twisted, dark, and home to giant spiders.","Lumber, hides, nuts, carved wooden boxes.",31225.7576278028,Tue May 26 2026 16:23:30 GMT-0300 (Argentina Standard Time)